Timestamp,Transaction_ID,Voltage,Current_Import,Power_Import,SoC,Label
2025-12-11T21:59:12.898477,1,400.0,17.028,6.811,20.0,normal
2025-12-11T21:59:12.901753,1,400.0,17.303,6.921,20.0,normal
2025-12-11T21:59:12.903711,1,400.0,17.717,7.087,20.0,normal
2025-12-11T21:59:12.906018,1,400.0,17.523,7.009,20.0,normal
2025-12-11T21:59:12.908471,1,400.0,18.134,7.254,20.0,normal
2025-12-11T21:59:12.910780,1,400.0,17.57,7.028,20.0,normal
2025-12-11T21:59:12.912385,1,400.0,17.579,7.031,20.0,normal
2025-12-11T21:59:12.914940,1,400.0,17.013,6.805,20.0,normal
2025-12-11T21:59:12.918074,1,400.0,17.686,7.074,20.0,normal
2025-12-11T21:59:12.920677,1,400.0,17.809,7.124,20.0,normal
2025-12-11T21:59:13.933456,1,400.0,18.171,7.269,20.01,normal
2025-12-11T21:59:13.936013,1,400.0,17.564,7.026,20.01,normal
2025-12-11T21:59:13.937785,1,400.0,17.997,7.199,20.01,normal
2025-12-11T21:59:13.939974,1,400.0,17.872,7.149,20.01,normal
2025-12-11T21:59:13.942629,1,400.0,16.836,6.734,20.01,normal
2025-12-11T21:59:13.945309,1,400.0,17.324,6.93,20.01,normal
2025-12-11T21:59:13.946884,1,400.0,17.979,7.192,20.01,normal
2025-12-11T21:59:13.949221,1,400.0,17.528,7.011,20.01,normal
2025-12-11T21:59:13.952806,1,400.0,17.59,7.036,20.01,normal
2025-12-11T21:59:13.955176,1,400.0,16.913,6.765,20.01,normal
2025-12-11T21:59:14.961674,1,400.0,18.061,7.224,20.01,normal
2025-12-11T21:59:14.964273,1,400.0,18.137,7.255,20.01,normal
2025-12-11T21:59:14.966900,1,400.0,16.925,6.77,20.01,normal
2025-12-11T21:59:14.968634,1,400.0,17.669,7.068,20.01,normal
2025-12-11T21:59:14.970667,1,400.0,17.269,6.907,20.01,normal
2025-12-11T21:59:14.972939,1,400.0,17.351,6.94,20.01,normal
2025-12-11T21:59:14.974802,1,400.0,16.796,6.718,20.01,normal
2025-12-11T21:59:14.977460,1,400.0,17.414,6.965,20.01,normal
2025-12-11T21:59:14.979239,1,400.0,17.852,7.141,20.01,normal
2025-12-11T21:59:14.981015,1,400.0,17.957,7.183,20.01,normal
2025-12-11T21:59:15.994699,1,400.0,17.575,7.03,20.01,normal
2025-12-11T21:59:15.998513,1,400.0,17.797,7.119,20.01,normal
2025-12-11T21:59:16.002586,1,400.0,17.281,6.912,20.01,normal
2025-12-11T21:59:16.006309,1,400.0,17.922,7.169,20.01,normal
2025-12-11T21:59:16.010748,1,400.0,17.666,7.067,20.01,normal
2025-12-11T21:59:16.015155,1,400.0,17.38,6.952,20.01,normal
2025-12-11T21:59:16.019171,1,400.0,16.976,6.79,20.01,normal
2025-12-11T21:59:16.023656,1,400.0,17.681,7.072,20.01,normal
2025-12-11T21:59:16.028085,1,400.0,17.562,7.025,20.01,normal
2025-12-11T21:59:16.031852,1,400.0,17.178,6.871,20.01,normal
2025-12-11T21:59:17.039189,1,400.0,17.28,6.912,20.02,normal
2025-12-11T21:59:17.041152,1,400.0,17.672,7.069,20.02,normal
2025-12-11T21:59:17.042634,1,400.0,17.274,6.91,20.02,normal
2025-12-11T21:59:17.044066,1,400.0,16.853,6.741,20.02,normal
2025-12-11T21:59:17.046578,1,400.0,18.152,7.261,20.02,normal
2025-12-11T21:59:17.049428,1,400.0,17.432,6.973,20.02,normal
2025-12-11T21:59:17.053207,1,400.0,17.681,7.073,20.02,normal
2025-12-11T21:59:17.055876,1,400.0,17.83,7.132,20.02,normal
2025-12-11T21:59:17.057624,1,400.0,18.009,7.204,20.02,normal
2025-12-11T21:59:17.059874,1,400.0,17.714,7.086,20.02,normal
2025-12-11T21:59:18.063268,1,400.0,18.113,7.245,20.02,normal
2025-12-11T21:59:18.065086,1,400.0,16.901,6.76,20.02,normal
2025-12-11T21:59:18.067871,1,400.0,16.878,6.751,20.02,normal
2025-12-11T21:59:18.069971,1,400.0,17.396,6.958,20.02,normal
2025-12-11T21:59:18.071777,1,400.0,17.722,7.089,20.02,normal
2025-12-11T21:59:18.074859,1,400.0,17.549,7.019,20.02,normal
2025-12-11T21:59:18.077784,1,400.0,17.591,7.036,20.02,normal
2025-12-11T21:59:18.085687,1,400.0,17.148,6.859,20.02,normal
2025-12-11T21:59:18.089079,1,400.0,18.046,7.219,20.02,normal
2025-12-11T21:59:18.090726,1,400.0,18.235,7.294,20.02,normal
2025-12-11T21:59:19.107953,1,400.0,18.059,7.224,20.02,normal
2025-12-11T21:59:19.110193,1,400.0,17.606,7.042,20.02,normal
2025-12-11T21:59:19.111852,1,400.0,17.051,6.821,20.02,normal
2025-12-11T21:59:19.113362,1,400.0,17.368,6.947,20.02,normal
2025-12-11T21:59:19.115808,1,400.0,17.853,7.141,20.02,normal
2025-12-11T21:59:19.119516,1,400.0,17.991,7.196,20.02,normal
2025-12-11T21:59:19.122794,1,400.0,18.067,7.227,20.02,normal
2025-12-11T21:59:19.125325,1,400.0,16.989,6.795,20.02,normal
2025-12-11T21:59:19.126794,1,400.0,18.064,7.226,20.02,normal
2025-12-11T21:59:19.129238,1,400.0,17.952,7.181,20.02,normal
2025-12-11T21:59:20.141569,1,400.0,16.974,6.79,20.03,normal
2025-12-11T21:59:20.143962,1,400.0,17.395,6.958,20.03,normal
2025-12-11T21:59:20.145695,1,400.0,16.867,6.747,20.03,normal
2025-12-11T21:59:20.147245,1,400.0,17.211,6.884,20.03,normal
2025-12-11T21:59:20.149941,1,400.0,17.039,6.816,20.03,normal
2025-12-11T21:59:20.153616,1,400.0,17.73,7.092,20.03,normal
2025-12-11T21:59:20.156469,1,400.0,17.847,7.139,20.03,normal
2025-12-11T21:59:20.158724,1,400.0,17.974,7.189,20.03,normal
2025-12-11T21:59:20.160304,1,400.0,18.233,7.293,20.03,normal
2025-12-11T21:59:20.161762,1,400.0,17.725,7.09,20.03,normal
2025-12-11T21:59:21.172824,1,400.0,17.074,6.83,20.03,normal
2025-12-11T21:59:21.175017,1,400.0,18.195,7.278,20.03,normal
2025-12-11T21:59:21.176961,1,400.0,17.343,6.937,20.03,normal
2025-12-11T21:59:21.178806,1,400.0,16.959,6.784,20.03,normal
2025-12-11T21:59:21.180377,1,400.0,17.162,6.865,20.03,normal
2025-12-11T21:59:21.182150,1,400.0,18.232,7.293,20.03,normal
2025-12-11T21:59:21.184955,1,400.0,17.66,7.064,20.03,normal
2025-12-11T21:59:21.188170,1,400.0,18.23,7.292,20.03,normal
2025-12-11T21:59:21.190304,1,400.0,17.029,6.812,20.03,normal
2025-12-11T21:59:21.193460,1,400.0,17.045,6.818,20.03,normal
2025-12-11T21:59:22.202088,1,400.0,17.004,6.802,20.03,normal
2025-12-11T21:59:22.204475,1,400.0,17.601,7.041,20.03,normal
2025-12-11T21:59:22.206407,1,400.0,16.917,6.767,20.03,normal
2025-12-11T21:59:22.207867,1,400.0,18.052,7.221,20.03,normal
2025-12-11T21:59:22.209524,1,400.0,17.8,7.12,20.03,normal
2025-12-11T21:59:22.211996,1,400.0,17.6,7.04,20.03,normal
2025-12-11T21:59:22.214569,1,400.0,17.471,6.988,20.03,normal
2025-12-11T21:59:22.216371,1,400.0,17.987,7.195,20.03,normal
2025-12-11T21:59:22.218044,1,400.0,17.408,6.963,20.03,normal
2025-12-11T21:59:22.221111,1,400.0,17.007,6.803,20.03,normal
2025-12-11T21:59:23.230498,1,400.0,17.633,7.053,20.04,normal
2025-12-11T21:59:23.233568,1,400.0,17.087,6.835,20.04,normal
2025-12-11T21:59:23.235445,1,400.0,16.808,6.723,20.04,normal
2025-12-11T21:59:23.237636,1,400.0,17.795,7.118,20.04,normal
2025-12-11T21:59:23.240675,1,400.0,17.827,7.131,20.04,normal
2025-12-11T21:59:23.242769,1,400.0,17.225,6.89,20.04,normal
2025-12-11T21:59:23.244660,1,400.0,16.794,6.718,20.04,normal
2025-12-11T21:59:23.247925,1,400.0,18.108,7.243,20.04,normal
2025-12-11T21:59:23.249954,1,400.0,17.358,6.943,20.04,normal
2025-12-11T21:59:23.251745,1,400.0,18.187,7.275,20.04,normal
2025-12-11T21:59:24.260552,1,400.0,17.204,6.882,20.04,normal
2025-12-11T21:59:24.262927,1,400.0,16.964,6.786,20.04,normal
2025-12-11T21:59:24.264556,1,400.0,17.884,7.153,20.04,normal
2025-12-11T21:59:24.266796,1,400.0,17.061,6.824,20.04,normal
2025-12-11T21:59:24.269911,1,400.0,17.556,7.022,20.04,normal
2025-12-11T21:59:24.273742,1,400.0,17.762,7.105,20.04,normal
2025-12-11T21:59:24.276317,1,400.0,17.455,6.982,20.04,normal
2025-12-11T21:59:24.278031,1,400.0,17.154,6.862,20.04,normal
2025-12-11T21:59:24.279962,1,400.0,17.536,7.014,20.04,normal
2025-12-11T21:59:24.282577,1,400.0,17.792,7.117,20.04,normal
2025-12-11T21:59:25.295392,1,400.0,17.145,6.858,20.04,normal
2025-12-11T21:59:25.297588,1,400.0,17.99,7.196,20.04,normal
2025-12-11T21:59:25.299005,1,400.0,17.592,7.037,20.04,normal
2025-12-11T21:59:25.301002,1,400.0,17.053,6.821,20.04,normal
2025-12-11T21:59:25.302847,1,400.0,17.335,6.934,20.04,normal
2025-12-11T21:59:25.305938,1,400.0,17.423,6.969,20.04,normal
2025-12-11T21:59:25.309184,1,400.0,17.587,7.035,20.04,normal
2025-12-11T21:59:25.311575,1,400.0,17.786,7.115,20.04,normal
2025-12-11T21:59:25.313307,1,400.0,17.533,7.013,20.04,normal
2025-12-11T21:59:25.315730,1,400.0,17.624,7.05,20.04,normal
2025-12-11T21:59:26.330563,1,400.0,18.205,7.282,20.05,normal
2025-12-11T21:59:26.332884,1,400.0,17.853,7.141,20.05,normal
2025-12-11T21:59:26.334892,1,400.0,17.854,7.142,20.04,normal
2025-12-11T21:59:26.337142,1,400.0,16.901,6.76,20.05,normal
2025-12-11T21:59:26.339164,1,400.0,17.616,7.047,20.05,normal
2025-12-11T21:59:26.340954,1,400.0,17.952,7.181,20.05,normal
2025-12-11T21:59:26.343391,1,400.0,16.821,6.728,20.05,normal
2025-12-11T21:59:26.345699,1,400.0,18.108,7.243,20.05,normal
2025-12-11T21:59:26.347443,1,400.0,16.81,6.724,20.05,normal
2025-12-11T21:59:26.349045,1,400.0,17.682,7.073,20.05,normal
2025-12-11T21:59:27.361275,1,400.0,17.915,7.166,20.05,normal
2025-12-11T21:59:27.363276,1,400.0,16.902,6.761,20.05,normal
2025-12-11T21:59:27.365478,1,400.0,17.359,6.944,20.05,normal
2025-12-11T21:59:27.367390,1,400.0,17.528,7.011,20.05,normal
2025-12-11T21:59:27.369216,1,400.0,18.153,7.261,20.05,normal
2025-12-11T21:59:27.371613,1,400.0,17.058,6.823,20.05,normal
2025-12-11T21:59:27.373580,1,400.0,17.751,7.101,20.05,normal
2025-12-11T21:59:27.375290,1,400.0,18.24,7.296,20.05,normal
2025-12-11T21:59:27.377447,1,400.0,17.563,7.025,20.05,normal
2025-12-11T21:59:27.380246,1,400.0,16.758,6.703,20.05,normal
2025-12-11T21:59:28.385866,1,400.0,17.138,6.855,20.05,normal
2025-12-11T21:59:28.388163,1,400.0,16.881,6.753,20.05,normal
2025-12-11T21:59:28.389823,1,400.0,18.076,7.23,20.05,normal
2025-12-11T21:59:28.392538,1,400.0,17.243,6.897,20.05,normal
2025-12-11T21:59:28.394208,1,400.0,17.085,6.834,20.05,normal
2025-12-11T21:59:28.395745,1,400.0,17.825,7.13,20.05,normal
2025-12-11T21:59:28.398280,1,400.0,17.595,7.038,20.05,normal
2025-12-11T21:59:28.401239,1,400.0,16.901,6.76,20.05,normal
2025-12-11T21:59:28.403369,1,400.0,17.378,6.951,20.05,normal
2025-12-11T21:59:28.405771,1,400.0,18.113,7.245,20.05,normal
2025-12-11T21:59:29.420437,1,400.0,17.146,6.859,20.06,normal
2025-12-11T21:59:29.422424,1,400.0,18.085,7.234,20.06,normal
2025-12-11T21:59:29.423976,1,400.0,17.984,7.193,20.05,normal
2025-12-11T21:59:29.426540,1,400.0,17.114,6.845,20.05,normal
2025-12-11T21:59:29.428437,1,400.0,16.866,6.746,20.06,normal
2025-12-11T21:59:29.430907,1,400.0,17.564,7.026,20.06,normal
2025-12-11T21:59:29.433412,1,400.0,17.584,7.034,20.06,normal
2025-12-11T21:59:29.435980,1,400.0,17.905,7.162,20.06,normal
2025-12-11T21:59:29.438079,1,400.0,16.765,6.706,20.06,normal
2025-12-11T21:59:29.441600,1,400.0,17.762,7.105,20.06,normal
2025-12-11T21:59:30.447370,1,400.0,17.054,6.821,20.06,normal
2025-12-11T21:59:30.449962,1,400.0,17.558,7.023,20.06,normal
2025-12-11T21:59:30.455732,1,400.0,18.183,7.273,20.06,normal
2025-12-11T21:59:30.457438,1,400.0,16.862,6.745,20.06,normal
2025-12-11T21:59:30.459177,1,400.0,17.34,6.936,20.06,normal
2025-12-11T21:59:30.461941,1,400.0,17.879,7.152,20.06,normal
2025-12-11T21:59:30.463790,1,400.0,16.824,6.73,20.06,normal
2025-12-11T21:59:30.465403,1,400.0,17.938,7.175,20.06,normal
2025-12-11T21:59:30.467393,1,400.0,17.458,6.983,20.06,normal
2025-12-11T21:59:30.469543,1,400.0,17.473,6.989,20.06,normal
2025-12-11T21:59:31.476382,1,400.0,18.087,7.235,20.06,normal
2025-12-11T21:59:31.478340,1,400.0,17.148,6.859,20.06,normal
2025-12-11T21:59:31.480394,1,400.0,17.796,7.119,20.06,normal
2025-12-11T21:59:31.482595,1,400.0,17.597,7.039,20.06,normal
2025-12-11T21:59:31.484311,1,400.0,17.123,6.849,20.06,normal
2025-12-11T21:59:31.486486,1,400.0,17.959,7.183,20.06,normal
2025-12-11T21:59:31.489288,1,400.0,16.793,6.717,20.06,normal
2025-12-11T21:59:31.491601,1,400.0,17.33,6.932,20.06,normal
2025-12-11T21:59:31.493140,1,400.0,18.082,7.233,20.06,normal
2025-12-11T21:59:31.495346,1,400.0,17.743,7.097,20.06,normal
2025-12-11T21:59:32.500854,1,400.0,17.521,7.009,20.06,normal
2025-12-11T21:59:32.503485,1,400.0,17.065,6.826,20.06,normal
2025-12-11T21:59:32.505794,1,400.0,16.833,6.733,20.06,normal
2025-12-11T21:59:32.507518,1,400.0,16.791,6.716,20.06,normal
2025-12-11T21:59:32.510144,1,400.0,17.734,7.094,20.06,normal
2025-12-11T21:59:32.512407,1,400.0,17.396,6.959,20.07,normal
2025-12-11T21:59:32.514017,1,400.0,17.641,7.056,20.06,normal
2025-12-11T21:59:32.517248,1,400.0,18.064,7.226,20.07,normal
2025-12-11T21:59:32.519997,1,400.0,17.069,6.828,20.07,normal
2025-12-11T21:59:32.522742,1,400.0,17.757,7.103,20.07,normal
2025-12-11T21:59:33.540678,1,400.0,18.144,7.258,20.07,normal
2025-12-11T21:59:33.543230,1,400.0,17.051,6.821,20.07,normal
2025-12-11T21:59:33.545379,1,400.0,17.046,6.818,20.07,normal
2025-12-11T21:59:33.546882,1,400.0,17.56,7.024,20.07,normal
2025-12-11T21:59:33.549248,1,400.0,18.204,7.282,20.07,normal
2025-12-11T21:59:33.552776,1,400.0,17.29,6.916,20.07,normal
2025-12-11T21:59:33.555545,1,400.0,16.873,6.749,20.07,normal
2025-12-11T21:59:33.558139,1,400.0,16.79,6.716,20.07,normal
2025-12-11T21:59:33.559962,1,400.0,17.478,6.991,20.07,normal
2025-12-11T21:59:33.561609,1,400.0,16.805,6.722,20.07,normal
2025-12-11T21:59:34.565002,1,400.0,16.758,6.703,20.07,normal
2025-12-11T21:59:34.566823,1,400.0,17.251,6.901,20.07,normal
2025-12-11T21:59:34.569435,1,400.0,18.21,7.284,20.07,normal
2025-12-11T21:59:34.572222,1,400.0,17.998,7.199,20.07,normal
2025-12-11T21:59:34.574066,1,400.0,17.417,6.967,20.07,normal
2025-12-11T21:59:34.575802,1,400.0,17.393,6.957,20.07,normal
2025-12-11T21:59:34.578547,1,400.0,16.817,6.727,20.07,normal
2025-12-11T21:59:34.580833,1,400.0,18.156,7.262,20.07,normal
2025-12-11T21:59:34.582544,1,400.0,17.396,6.958,20.07,normal
2025-12-11T21:59:34.596040,1,400.0,18.182,7.273,20.07,normal
2025-12-11T21:59:35.608620,1,400.0,17.991,7.196,20.07,normal
2025-12-11T21:59:35.610741,1,400.0,18.016,7.206,20.07,normal
2025-12-11T21:59:35.613524,1,400.0,18.069,7.228,20.07,normal
2025-12-11T21:59:35.615430,1,400.0,17.01,6.804,20.07,normal
2025-12-11T21:59:35.618151,1,400.0,16.874,6.75,20.07,normal
2025-12-11T21:59:35.621120,1,400.0,17.923,7.169,20.07,normal
2025-12-11T21:59:35.623207,1,400.0,17.716,7.086,20.07,normal
2025-12-11T21:59:35.624980,1,400.0,17.715,7.086,20.08,normal
2025-12-11T21:59:35.627648,1,400.0,17.702,7.081,20.07,normal
2025-12-11T21:59:35.629650,1,400.0,18.071,7.229,20.08,normal
2025-12-11T21:59:36.647350,1,400.0,17.448,6.979,20.08,normal
2025-12-11T21:59:36.650060,1,400.0,17.839,7.136,20.08,normal
2025-12-11T21:59:36.652176,1,400.0,17.029,6.812,20.08,normal
2025-12-11T21:59:36.654379,1,400.0,17.535,7.014,20.08,normal
2025-12-11T21:59:36.656227,1,400.0,18.137,7.255,20.08,normal
2025-12-11T21:59:36.658122,1,400.0,17.404,6.962,20.08,normal
2025-12-11T21:59:36.660897,1,400.0,17.053,6.821,20.08,normal
2025-12-11T21:59:36.663434,1,400.0,17.612,7.045,20.08,normal
2025-12-11T21:59:36.665036,1,400.0,17.272,6.909,20.08,normal
2025-12-11T21:59:36.666485,1,400.0,17.731,7.092,20.08,normal
2025-12-11T21:59:37.683132,1,400.0,17.602,7.041,20.08,normal
2025-12-11T21:59:37.684970,1,400.0,17.998,7.199,20.08,normal
2025-12-11T21:59:37.686722,1,400.0,17.255,6.902,20.08,normal
2025-12-11T21:59:37.689322,1,400.0,17.056,6.822,20.08,normal
2025-12-11T21:59:37.690842,1,400.0,18.034,7.213,20.08,normal
2025-12-11T21:59:37.692543,1,400.0,17.968,7.187,20.08,normal
2025-12-11T21:59:37.694180,1,400.0,17.653,7.061,20.08,normal
2025-12-11T21:59:37.696628,1,400.0,17.186,6.875,20.08,normal
2025-12-11T21:59:37.698962,1,400.0,17.569,7.028,20.08,normal
2025-12-11T21:59:37.700830,1,400.0,17.754,7.102,20.08,normal
2025-12-11T21:59:38.717684,1,400.0,18.174,7.27,20.08,normal
2025-12-11T21:59:38.719889,1,400.0,16.806,6.722,20.08,normal
2025-12-11T21:59:38.721894,1,400.0,17.912,7.165,20.08,normal
2025-12-11T21:59:38.723967,1,400.0,16.76,6.704,20.08,normal
2025-12-11T21:59:38.725609,1,400.0,17.08,6.832,20.08,normal
2025-12-11T21:59:38.728169,1,400.0,16.988,6.795,20.08,normal
2025-12-11T21:59:38.731393,1,400.0,17.366,6.946,20.08,normal
2025-12-11T21:59:38.734243,1,400.0,16.878,6.751,20.08,normal
2025-12-11T21:59:38.735990,1,400.0,16.926,6.77,20.08,normal
2025-12-11T21:59:38.738291,1,400.0,17.398,6.959,20.08,normal
2025-12-11T21:59:39.746187,1,400.0,17.789,7.115,20.09,normal
2025-12-11T21:59:39.748013,1,400.0,18.228,7.291,20.09,normal
2025-12-11T21:59:39.749391,1,400.0,17.825,7.13,20.09,normal
2025-12-11T21:59:39.751861,1,400.0,17.545,7.018,20.09,normal
2025-12-11T21:59:39.753902,1,400.0,17.92,7.168,20.09,normal
2025-12-11T21:59:39.756169,1,400.0,18.138,7.255,20.09,normal
2025-12-11T21:59:39.758416,1,400.0,16.939,6.776,20.09,normal
2025-12-11T21:59:39.760857,1,400.0,17.192,6.877,20.09,normal
2025-12-11T21:59:39.762580,1,400.0,16.871,6.748,20.09,normal
2025-12-11T21:59:39.764456,1,400.0,17.613,7.045,20.09,normal
2025-12-11T21:59:40.772687,1,400.0,17.042,6.817,20.09,normal
2025-12-11T21:59:40.774596,1,400.0,16.826,6.73,20.09,normal
2025-12-11T21:59:40.776019,1,400.0,16.919,6.768,20.09,normal
2025-12-11T21:59:40.777656,1,400.0,17.05,6.82,20.09,normal
2025-12-11T21:59:40.779635,1,400.0,17.825,7.13,20.09,normal
2025-12-11T21:59:40.781174,1,400.0,17.219,6.888,20.09,normal
2025-12-11T21:59:40.782540,1,400.0,16.806,6.723,20.09,normal
2025-12-11T21:59:40.784076,1,400.0,18.161,7.264,20.09,normal
2025-12-11T21:59:40.786229,1,400.0,17.384,6.954,20.09,normal
2025-12-11T21:59:40.789228,1,400.0,17.998,7.199,20.09,normal
2025-12-11T21:59:41.796656,1,400.0,18.179,7.272,20.09,normal
2025-12-11T21:59:41.798974,1,400.0,17.122,6.849,20.09,normal
2025-12-11T21:59:41.801002,1,400.0,17.191,6.876,20.09,normal
2025-12-11T21:59:41.803051,1,400.0,17.132,6.853,20.09,normal
2025-12-11T21:59:41.805123,1,400.0,16.766,6.706,20.09,normal
2025-12-11T21:59:41.807307,1,400.0,17.066,6.826,20.09,normal
2025-12-11T21:59:41.809426,1,400.0,17.752,7.101,20.09,normal
2025-12-11T21:59:41.811058,1,400.0,17.242,6.897,20.09,normal
2025-12-11T21:59:41.812754,1,400.0,17.69,7.076,20.09,normal
2025-12-11T21:59:41.815188,1,400.0,17.347,6.939,20.09,normal
2025-12-11T21:59:42.829849,1,400.0,17.278,6.911,20.1,normal
2025-12-11T21:59:42.831903,1,400.0,17.687,7.075,20.1,normal
2025-12-11T21:59:42.834224,1,400.0,18.01,7.204,20.1,normal
2025-12-11T21:59:42.836021,1,400.0,16.946,6.778,20.1,normal
2025-12-11T21:59:42.838280,1,400.0,18.097,7.239,20.1,normal
2025-12-11T21:59:42.840822,1,400.0,17.398,6.959,20.1,normal
2025-12-11T21:59:42.843337,1,400.0,17.477,6.991,20.1,normal
2025-12-11T21:59:42.862629,1,400.0,17.628,7.051,20.1,normal
2025-12-11T21:59:42.864398,1,400.0,18.11,7.244,20.1,normal
2025-12-11T21:59:42.866071,1,400.0,17.707,7.083,20.1,normal
2025-12-11T21:59:43.879196,1,400.0,17.153,6.861,20.1,normal
2025-12-11T21:59:43.880877,1,400.0,16.813,6.725,20.1,normal
2025-12-11T21:59:43.883069,1,400.0,17.909,7.164,20.1,normal
2025-12-11T21:59:43.885010,1,400.0,17.231,6.892,20.1,normal
2025-12-11T21:59:43.887041,1,400.0,17.018,6.807,20.1,normal
2025-12-11T21:59:43.889354,1,400.0,17.09,6.836,20.1,normal
2025-12-11T21:59:43.891405,1,400.0,17.434,6.974,20.1,normal
2025-12-11T21:59:43.893219,1,400.0,16.966,6.786,20.1,normal
2025-12-11T21:59:43.894799,1,400.0,17.231,6.892,20.1,normal
2025-12-11T21:59:43.897355,1,400.0,17.961,7.184,20.1,normal
2025-12-11T21:59:44.911127,1,400.0,17.838,7.135,20.1,normal
2025-12-11T21:59:44.913057,1,400.0,17.42,6.968,20.1,normal
2025-12-11T21:59:44.914698,1,400.0,16.985,6.794,20.1,normal
2025-12-11T21:59:44.916871,1,400.0,16.773,6.709,20.1,normal
2025-12-11T21:59:44.919030,1,400.0,16.863,6.745,20.1,normal
2025-12-11T21:59:44.922432,1,400.0,17.648,7.059,20.1,normal
2025-12-11T21:59:44.925300,1,400.0,17.697,7.079,20.1,normal
2025-12-11T21:59:44.927342,1,400.0,17.877,7.151,20.1,normal
2025-12-11T21:59:44.929236,1,400.0,17.692,7.077,20.1,normal
2025-12-11T21:59:44.932340,1,400.0,18.085,7.234,20.1,normal
2025-12-11T21:59:45.936242,1,400.0,18.105,7.242,20.11,normal
2025-12-11T21:59:45.938554,1,400.0,17.458,6.983,20.11,normal
2025-12-11T21:59:45.940341,1,400.0,17.099,6.84,20.11,normal
2025-12-11T21:59:45.942013,1,400.0,17.355,6.942,20.11,normal
2025-12-11T21:59:45.944221,1,400.0,17.662,7.065,20.11,normal
2025-12-11T21:59:45.946497,1,400.0,17.548,7.019,20.11,normal
2025-12-11T21:59:45.948218,1,400.0,17.729,7.092,20.11,normal
2025-12-11T21:59:45.949907,1,400.0,17.897,7.159,20.11,normal
2025-12-11T21:59:45.952490,1,400.0,17.962,7.185,20.11,normal
2025-12-11T21:59:45.954748,1,400.0,17.879,7.151,20.11,normal
2025-12-11T21:59:46.960365,1,400.0,16.913,6.765,20.11,normal
2025-12-11T21:59:46.961959,1,400.0,16.837,6.735,20.11,normal
2025-12-11T21:59:46.963576,1,400.0,16.802,6.721,20.11,normal
2025-12-11T21:59:46.966020,1,400.0,16.985,6.794,20.11,normal
2025-12-11T21:59:46.968269,1,400.0,17.321,6.928,20.11,normal
2025-12-11T21:59:46.970824,1,400.0,17.492,6.997,20.11,normal
2025-12-11T21:59:46.973799,1,400.0,17.139,6.855,20.11,normal
2025-12-11T21:59:46.976115,1,400.0,17.185,6.874,20.11,normal
2025-12-11T21:59:46.977719,1,400.0,17.184,6.873,20.11,normal
2025-12-11T21:59:46.981057,1,400.0,16.965,6.786,20.11,normal
2025-12-11T21:59:47.986852,1,400.0,17.792,7.117,20.11,normal
2025-12-11T21:59:47.988544,1,400.0,18.009,7.204,20.11,normal
2025-12-11T21:59:47.990362,1,400.0,17.801,7.12,20.11,normal
2025-12-11T21:59:47.992495,1,400.0,17.275,6.91,20.11,normal
2025-12-11T21:59:47.994217,1,400.0,17.444,6.978,20.11,normal
2025-12-11T21:59:47.995984,1,400.0,17.997,7.199,20.11,normal
2025-12-11T21:59:47.997608,1,400.0,17.57,7.028,20.11,normal
2025-12-11T21:59:47.999818,1,400.0,17.278,6.911,20.11,normal
2025-12-11T21:59:48.001882,1,400.0,16.784,6.714,20.11,normal
2025-12-11T21:59:48.004564,1,400.0,17.334,6.934,20.11,normal
2025-12-11T21:59:49.014474,1,400.0,18.136,7.255,20.12,normal
2025-12-11T21:59:49.016683,1,400.0,16.94,6.776,20.12,normal
2025-12-11T21:59:49.018711,1,400.0,17.033,6.813,20.12,normal
2025-12-11T21:59:49.021137,1,400.0,18.0,7.2,20.12,normal
2025-12-11T21:59:49.023330,1,400.0,16.913,6.765,20.12,normal
2025-12-11T21:59:49.025528,1,400.0,17.597,7.039,20.12,normal
2025-12-11T21:59:49.028211,1,400.0,17.031,6.813,20.12,normal
2025-12-11T21:59:49.030133,1,400.0,17.48,6.992,20.12,normal
2025-12-11T21:59:49.031713,1,400.0,17.518,7.007,20.12,normal
2025-12-11T21:59:49.033477,1,400.0,17.785,7.114,20.12,normal
2025-12-11T21:59:50.043542,1,400.0,18.124,7.249,20.12,normal
2025-12-11T21:59:50.045494,1,400.0,17.685,7.074,20.12,normal
2025-12-11T21:59:50.046973,1,400.0,17.968,7.187,20.12,normal
2025-12-11T21:59:50.049294,1,400.0,16.782,6.713,20.12,normal
2025-12-11T21:59:50.051418,1,400.0,17.094,6.838,20.12,normal
2025-12-11T21:59:50.053577,1,400.0,17.763,7.105,20.12,normal
2025-12-11T21:59:50.056987,1,400.0,17.515,7.006,20.12,normal
2025-12-11T21:59:50.058969,1,400.0,17.216,6.887,20.12,normal
2025-12-11T21:59:50.060926,1,400.0,18.011,7.204,20.12,normal
2025-12-11T21:59:50.063193,1,400.0,18.24,7.296,20.12,normal
2025-12-11T21:59:51.079307,1,400.0,16.917,6.767,20.12,normal
2025-12-11T21:59:51.081202,1,400.0,17.296,6.919,20.12,normal
2025-12-11T21:59:51.083280,1,400.0,17.373,6.949,20.12,normal
2025-12-11T21:59:51.084964,1,400.0,16.853,6.741,20.12,normal
2025-12-11T21:59:51.086624,1,400.0,17.179,6.871,20.12,normal
2025-12-11T21:59:51.088158,1,400.0,17.728,7.091,20.12,normal
2025-12-11T21:59:51.090751,1,400.0,17.35,6.94,20.12,normal
2025-12-11T21:59:51.092843,1,400.0,17.063,6.825,20.12,normal
2025-12-11T21:59:51.094531,1,400.0,16.818,6.727,20.12,normal
2025-12-11T21:59:51.097051,1,400.0,18.094,7.238,20.12,normal
2025-12-11T21:59:52.104156,1,400.0,16.91,6.764,20.13,normal
2025-12-11T21:59:52.105787,1,400.0,17.607,7.043,20.13,normal
2025-12-11T21:59:52.107221,1,400.0,17.223,6.889,20.13,normal
2025-12-11T21:59:52.108639,1,400.0,17.351,6.941,20.12,normal
2025-12-11T21:59:52.110512,1,400.0,17.78,7.112,20.13,normal
2025-12-11T21:59:52.112258,1,400.0,18.116,7.247,20.13,normal
2025-12-11T21:59:52.114688,1,400.0,17.429,6.972,20.13,normal
2025-12-11T21:59:52.116567,1,400.0,16.901,6.76,20.13,normal
2025-12-11T21:59:52.118935,1,400.0,16.989,6.796,20.13,normal
2025-12-11T21:59:52.121658,1,400.0,17.84,7.136,20.13,normal
2025-12-11T21:59:53.125061,1,400.0,18.093,7.237,20.13,normal
2025-12-11T21:59:53.126893,1,400.0,17.047,6.819,20.13,normal
2025-12-11T21:59:53.128368,1,400.0,16.896,6.758,20.13,normal
2025-12-11T21:59:53.130632,1,400.0,17.697,7.079,20.13,normal
2025-12-11T21:59:53.132968,1,400.0,17.056,6.822,20.13,normal
2025-12-11T21:59:53.135645,1,400.0,16.794,6.717,20.13,normal
2025-12-11T21:59:53.138443,1,400.0,17.432,6.973,20.13,normal
2025-12-11T21:59:53.140685,1,400.0,17.725,7.09,20.13,normal
2025-12-11T21:59:53.142260,1,400.0,18.184,7.274,20.13,normal
2025-12-11T21:59:53.143919,1,400.0,18.227,7.291,20.13,normal
2025-12-11T21:59:54.161704,1,400.0,17.957,7.183,20.13,normal
2025-12-11T21:59:54.163525,1,400.0,18.207,7.283,20.13,normal
2025-12-11T21:59:54.166281,1,400.0,17.004,6.801,20.13,normal
2025-12-11T21:59:54.167954,1,400.0,17.661,7.065,20.13,normal
2025-12-11T21:59:54.169868,1,400.0,16.949,6.78,20.13,normal
2025-12-11T21:59:54.171838,1,400.0,18.013,7.205,20.13,normal
2025-12-11T21:59:54.174609,1,400.0,16.812,6.725,20.13,normal
2025-12-11T21:59:54.176200,1,400.0,17.718,7.087,20.13,normal
2025-12-11T21:59:54.177960,1,400.0,17.687,7.075,20.13,normal
2025-12-11T21:59:54.180775,1,400.0,17.284,6.914,20.13,normal
2025-12-11T21:59:55.187027,1,400.0,17.13,6.852,20.14,normal
2025-12-11T21:59:55.188857,1,400.0,16.999,6.799,20.14,normal
2025-12-11T21:59:55.190612,1,400.0,16.907,6.763,20.14,normal
2025-12-11T21:59:55.192805,1,400.0,16.935,6.774,20.13,normal
2025-12-11T21:59:55.194601,1,400.0,17.64,7.056,20.14,normal
2025-12-11T21:59:55.196624,1,400.0,16.961,6.784,20.14,normal
2025-12-11T21:59:55.198152,1,400.0,16.892,6.757,20.13,normal
2025-12-11T21:59:55.200869,1,400.0,17.282,6.913,20.14,normal
2025-12-11T21:59:55.204041,1,400.0,16.777,6.711,20.14,normal
2025-12-11T21:59:55.207165,1,400.0,17.459,6.983,20.14,normal
2025-12-11T21:59:56.224035,1,400.0,16.787,6.715,20.14,normal
2025-12-11T21:59:56.225555,1,400.0,17.718,7.087,20.14,normal
2025-12-11T21:59:56.227886,1,400.0,17.473,6.989,20.14,normal
2025-12-11T21:59:56.229718,1,400.0,16.961,6.784,20.14,normal
2025-12-11T21:59:56.231759,1,400.0,18.195,7.278,20.14,normal
2025-12-11T21:59:56.233945,1,400.0,18.088,7.235,20.14,normal
2025-12-11T21:59:56.236794,1,400.0,17.894,7.157,20.14,normal
2025-12-11T21:59:56.239193,1,400.0,17.939,7.176,20.14,normal
2025-12-11T21:59:56.241155,1,400.0,17.063,6.825,20.14,normal
2025-12-11T21:59:56.243690,1,400.0,17.048,6.819,20.14,normal
2025-12-11T21:59:57.258086,1,400.0,17.216,6.886,20.14,normal
2025-12-11T21:59:57.260910,1,400.0,17.813,7.125,20.14,normal
2025-12-11T21:59:57.263201,1,400.0,16.976,6.79,20.14,normal
2025-12-11T21:59:57.264767,1,400.0,17.721,7.089,20.14,normal
2025-12-11T21:59:57.266393,1,400.0,17.044,6.818,20.14,normal
2025-12-11T21:59:57.267910,1,400.0,16.931,6.772,20.14,normal
2025-12-11T21:59:57.270412,1,400.0,16.776,6.71,20.14,normal
2025-12-11T21:59:57.273448,1,400.0,17.946,7.178,20.14,normal
2025-12-11T21:59:57.275363,1,400.0,18.076,7.23,20.14,normal
2025-12-11T21:59:57.277737,1,400.0,16.967,6.787,20.14,normal
2025-12-11T21:59:58.291006,1,400.0,18.051,7.22,20.15,normal
2025-12-11T21:59:58.292606,1,400.0,18.052,7.221,20.15,normal
2025-12-11T21:59:58.293940,1,400.0,17.421,6.968,20.14,normal
2025-12-11T21:59:58.295247,1,400.0,17.588,7.035,20.14,normal
2025-12-11T21:59:58.297868,1,400.0,17.186,6.875,20.15,normal
2025-12-11T21:59:58.299638,1,400.0,18.044,7.218,20.15,normal
2025-12-11T21:59:58.301558,1,400.0,17.442,6.977,20.14,normal
2025-12-11T21:59:58.303823,1,400.0,16.784,6.713,20.15,normal
2025-12-11T21:59:58.306226,1,400.0,18.208,7.283,20.15,normal
2025-12-11T21:59:58.307823,1,400.0,16.953,6.781,20.15,normal
2025-12-11T21:59:59.311839,1,400.0,17.527,7.011,20.15,normal
2025-12-11T21:59:59.313914,1,400.0,17.021,6.808,20.15,normal
2025-12-11T21:59:59.315329,1,400.0,16.979,6.791,20.15,normal
2025-12-11T21:59:59.317111,1,400.0,17.192,6.877,20.15,normal
2025-12-11T21:59:59.319320,1,400.0,17.491,6.996,20.15,normal
2025-12-11T21:59:59.322052,1,400.0,17.269,6.908,20.15,normal
2025-12-11T21:59:59.324317,1,400.0,17.851,7.14,20.15,normal
2025-12-11T21:59:59.326852,1,400.0,17.791,7.117,20.15,normal
2025-12-11T21:59:59.328880,1,400.0,16.933,6.773,20.15,normal
2025-12-11T21:59:59.330575,1,400.0,16.857,6.743,20.15,normal
2025-12-11T22:00:00.339722,1,400.0,17.689,7.076,20.15,normal
2025-12-11T22:00:00.341580,1,400.0,17.807,7.123,20.15,normal
2025-12-11T22:00:00.342956,1,400.0,17.706,7.082,20.15,normal
2025-12-11T22:00:00.345010,1,400.0,17.499,7.0,20.15,normal
2025-12-11T22:00:00.347104,1,400.0,17.687,7.075,20.15,normal
2025-12-11T22:00:00.349263,1,400.0,18.047,7.219,20.15,normal
2025-12-11T22:00:00.351035,1,400.0,16.955,6.782,20.15,normal
2025-12-11T22:00:00.353859,1,400.0,17.974,7.19,20.15,normal
2025-12-11T22:00:00.356445,1,400.0,17.094,6.838,20.15,normal
2025-12-11T22:00:00.358732,1,400.0,17.417,6.967,20.15,normal
2025-12-11T22:00:01.368424,1,400.0,17.826,7.131,20.16,normal
2025-12-11T22:00:01.370829,1,400.0,17.71,7.084,20.16,normal
2025-12-11T22:00:01.373357,1,400.0,17.557,7.023,20.15,normal
2025-12-11T22:00:01.375237,1,400.0,17.69,7.076,20.15,normal
2025-12-11T22:00:01.376827,1,400.0,17.55,7.02,20.16,normal
2025-12-11T22:00:01.378507,1,400.0,17.514,7.006,20.16,normal
2025-12-11T22:00:01.382248,1,400.0,17.202,6.881,20.15,normal
2025-12-11T22:00:01.385404,1,400.0,17.796,7.118,20.16,normal
2025-12-11T22:00:01.388524,1,400.0,16.861,6.744,20.16,normal
2025-12-11T22:00:01.390211,1,400.0,17.416,6.967,20.16,normal
2025-12-11T22:00:02.394159,1,400.0,17.385,6.954,20.16,normal
2025-12-11T22:00:02.395725,1,400.0,17.146,6.858,20.16,normal
2025-12-11T22:00:02.397133,1,400.0,16.912,6.765,20.16,normal
2025-12-11T22:00:02.398566,1,400.0,17.605,7.042,20.16,normal
2025-12-11T22:00:02.401254,1,400.0,17.414,6.966,20.16,normal
2025-12-11T22:00:02.405450,1,400.0,18.204,7.282,20.16,normal
2025-12-11T22:00:02.410062,1,400.0,17.462,6.985,20.16,normal
2025-12-11T22:00:02.413128,1,400.0,17.574,7.03,20.16,normal
2025-12-11T22:00:02.418186,1,400.0,17.677,7.071,20.16,normal
2025-12-11T22:00:02.421020,1,400.0,17.228,6.891,20.16,normal
2025-12-11T22:00:03.432382,1,400.0,17.629,7.052,20.16,normal
2025-12-11T22:00:03.435083,1,400.0,17.778,7.111,20.16,normal
2025-12-11T22:00:03.436918,1,400.0,16.921,6.769,20.16,normal
2025-12-11T22:00:03.438657,1,400.0,18.146,7.258,20.16,normal
2025-12-11T22:00:03.440567,1,400.0,17.345,6.938,20.16,normal
2025-12-11T22:00:03.443215,1,400.0,17.907,7.163,20.16,normal
2025-12-11T22:00:03.444957,1,400.0,17.014,6.805,20.16,normal
2025-12-11T22:00:03.447020,1,400.0,17.996,7.199,20.16,normal
2025-12-11T22:00:03.450699,1,400.0,17.848,7.139,20.16,normal
2025-12-11T22:00:03.453594,1,400.0,17.111,6.844,20.16,normal
2025-12-11T22:00:04.464954,1,400.0,17.105,6.842,20.17,normal
2025-12-11T22:00:04.466609,1,400.0,17.046,6.818,20.16,normal
2025-12-11T22:00:04.467960,1,400.0,17.514,7.006,20.16,normal
2025-12-11T22:00:04.470731,1,400.0,17.108,6.843,20.16,normal
2025-12-11T22:00:04.472847,1,400.0,17.422,6.969,20.16,normal
2025-12-11T22:00:04.475869,1,400.0,18.154,7.261,20.17,normal
2025-12-11T22:00:04.478455,1,400.0,16.796,6.718,20.16,normal
2025-12-11T22:00:04.480865,1,400.0,16.819,6.728,20.17,normal
2025-12-11T22:00:04.483702,1,400.0,17.497,6.999,20.17,normal
2025-12-11T22:00:04.486695,1,400.0,18.017,7.207,20.17,normal
2025-12-11T22:00:05.493134,1,400.0,18.12,7.248,20.17,normal
2025-12-11T22:00:05.494853,1,400.0,17.962,7.185,20.17,normal
2025-12-11T22:00:05.496717,1,400.0,18.189,7.276,20.17,normal
2025-12-11T22:00:05.498797,1,400.0,17.17,6.868,20.17,normal
2025-12-11T22:00:05.500699,1,400.0,17.086,6.834,20.17,normal
2025-12-11T22:00:05.502760,1,400.0,17.931,7.173,20.17,normal
2025-12-11T22:00:05.505137,1,400.0,17.63,7.052,20.17,normal
2025-12-11T22:00:05.507301,1,400.0,17.417,6.967,20.17,normal
2025-12-11T22:00:05.508943,1,400.0,16.785,6.714,20.17,normal
2025-12-11T22:00:05.511268,1,400.0,18.017,7.207,20.17,normal
2025-12-11T22:00:06.529140,1,400.0,17.061,6.824,20.17,normal
2025-12-11T22:00:06.531186,1,400.0,17.268,6.907,20.17,normal
2025-12-11T22:00:06.533002,1,400.0,18.194,7.277,20.17,normal
2025-12-11T22:00:06.535075,1,400.0,18.09,7.236,20.17,normal
2025-12-11T22:00:06.537161,1,400.0,16.798,6.719,20.17,normal
2025-12-11T22:00:06.539769,1,400.0,17.292,6.917,20.17,normal
2025-12-11T22:00:06.542209,1,400.0,17.255,6.902,20.17,normal
2025-12-11T22:00:06.543898,1,400.0,16.799,6.719,20.17,normal
2025-12-11T22:00:06.546655,1,400.0,17.683,7.073,20.17,normal
2025-12-11T22:00:06.548524,1,400.0,16.827,6.731,20.17,normal
2025-12-11T22:00:07.566081,1,400.0,17.14,6.856,20.18,normal
2025-12-11T22:00:07.568533,1,400.0,17.824,7.13,20.17,normal
2025-12-11T22:00:07.570389,1,400.0,16.898,6.759,20.17,normal
2025-12-11T22:00:07.572260,1,400.0,18.241,7.296,20.17,normal
2025-12-11T22:00:07.574424,1,400.0,16.839,6.736,20.17,normal
2025-12-11T22:00:07.576599,1,400.0,17.393,6.957,20.18,normal
2025-12-11T22:00:07.578412,1,400.0,18.241,7.296,20.17,normal
2025-12-11T22:00:07.581220,1,400.0,18.248,7.299,20.18,normal
2025-12-11T22:00:07.583954,1,400.0,17.647,7.059,20.17,normal
2025-12-11T22:00:07.585774,1,400.0,17.919,7.168,20.18,normal
2025-12-11T22:00:08.601433,1,400.0,16.974,6.79,20.18,normal
2025-12-11T22:00:08.603232,1,400.0,17.022,6.809,20.18,normal
2025-12-11T22:00:08.604955,1,400.0,16.802,6.721,20.18,normal
2025-12-11T22:00:08.606963,1,400.0,17.734,7.094,20.18,normal
2025-12-11T22:00:08.608866,1,400.0,17.944,7.178,20.18,normal
2025-12-11T22:00:08.611154,1,400.0,17.615,7.046,20.18,normal
2025-12-11T22:00:08.613208,1,400.0,17.496,6.998,20.18,normal
2025-12-11T22:00:08.615607,1,400.0,17.201,6.881,20.18,normal
2025-12-11T22:00:08.618181,1,400.0,16.822,6.729,20.18,normal
2025-12-11T22:00:08.620608,1,400.0,17.822,7.129,20.18,normal
2025-12-11T22:00:09.625929,1,400.0,17.085,6.834,20.18,normal
2025-12-11T22:00:09.628342,1,400.0,18.227,7.291,20.18,normal
2025-12-11T22:00:09.630468,1,400.0,17.162,6.865,20.18,normal
2025-12-11T22:00:09.632015,1,400.0,17.061,6.825,20.18,normal
2025-12-11T22:00:09.633489,1,400.0,17.645,7.058,20.18,normal
2025-12-11T22:00:09.636271,1,400.0,17.43,6.972,20.18,normal
2025-12-11T22:00:09.638578,1,400.0,17.905,7.162,20.18,normal
2025-12-11T22:00:09.640721,1,400.0,17.21,6.884,20.18,normal
2025-12-11T22:00:09.643497,1,400.0,16.918,6.767,20.18,normal
2025-12-11T22:00:09.645854,1,400.0,17.784,7.114,20.18,normal
2025-12-11T22:00:10.650831,1,400.0,16.989,6.796,20.18,normal
2025-12-11T22:00:10.653230,1,400.0,17.082,6.833,20.18,normal
2025-12-11T22:00:10.655133,1,400.0,17.732,7.093,20.18,normal
2025-12-11T22:00:10.656975,1,400.0,17.118,6.847,20.18,normal
2025-12-11T22:00:10.658672,1,400.0,16.899,6.76,20.18,normal
2025-12-11T22:00:10.661595,1,400.0,17.378,6.951,20.19,normal
2025-12-11T22:00:10.665450,1,400.0,17.898,7.159,20.18,normal
2025-12-11T22:00:10.667867,1,400.0,17.94,7.176,20.19,normal
2025-12-11T22:00:10.670439,1,400.0,17.124,6.85,20.18,normal
2025-12-11T22:00:10.672612,1,400.0,16.919,6.767,20.19,normal
2025-12-11T22:00:11.689623,1,400.0,16.848,6.739,20.19,normal
2025-12-11T22:00:11.691925,1,400.0,17.829,7.132,20.19,normal
2025-12-11T22:00:11.693527,1,400.0,17.765,7.106,20.19,normal
2025-12-11T22:00:11.695038,1,400.0,17.417,6.967,20.19,normal
2025-12-11T22:00:11.697340,1,400.0,17.462,6.985,20.19,normal
2025-12-11T22:00:11.700278,1,400.0,16.751,6.7,20.19,normal
2025-12-11T22:00:11.703784,1,400.0,17.619,7.047,20.19,normal
2025-12-11T22:00:11.707572,1,400.0,17.506,7.002,20.19,normal
2025-12-11T22:00:11.709563,1,400.0,16.965,6.786,20.19,normal
2025-12-11T22:00:11.712358,1,400.0,17.087,6.835,20.19,normal
2025-12-11T22:00:12.727019,1,400.0,17.905,7.162,20.19,normal
2025-12-11T22:00:12.729003,1,400.0,17.765,7.106,20.19,normal
2025-12-11T22:00:12.730873,1,400.0,16.885,6.754,20.19,normal
2025-12-11T22:00:12.733422,1,400.0,17.457,6.983,20.19,normal
2025-12-11T22:00:12.735485,1,400.0,18.119,7.248,20.19,normal
2025-12-11T22:00:12.738902,1,400.0,16.897,6.759,20.19,normal
2025-12-11T22:00:12.741894,1,400.0,17.965,7.186,20.19,normal
2025-12-11T22:00:12.743525,1,400.0,17.314,6.926,20.19,normal
2025-12-11T22:00:12.745045,1,400.0,17.318,6.927,20.19,normal
2025-12-11T22:00:12.747971,1,400.0,17.378,6.951,20.19,normal
2025-12-11T22:00:13.758719,1,400.0,16.905,6.762,20.19,normal
2025-12-11T22:00:13.760949,1,400.0,18.127,7.251,20.19,normal
2025-12-11T22:00:13.762816,1,400.0,17.261,6.904,20.19,normal
2025-12-11T22:00:13.764242,1,400.0,16.928,6.771,20.19,normal
2025-12-11T22:00:13.766352,1,400.0,17.693,7.077,20.19,normal
2025-12-11T22:00:13.769564,1,400.0,16.936,6.775,20.2,normal
2025-12-11T22:00:13.771988,1,400.0,17.327,6.931,20.19,normal
2025-12-11T22:00:13.774702,1,400.0,17.101,6.84,20.19,normal
2025-12-11T22:00:13.776525,1,400.0,17.652,7.061,20.19,normal
2025-12-11T22:00:13.778331,1,400.0,17.889,7.156,20.2,normal
